species,count
Salix,331
Carex,314
Poa,295
Haworthia,283
Crataegus,267
Rubus,220
Gossypium,189
Colchicum,152
Crotalaria,150
Psoralea,148
Potentilla,141
Festuca,140
Combretum,139
Echeveria,138
Solanum,135
Draba,131
Puccinellia,128
Aloe,125
Erigeron,108
Ficus,106
Psychotria,98
Bromus,95
Pedicularis,95
Diospyros,94
Acacia,92
Artemisia,83
Dendrobium,82
Trifolium,82
Clivia,81
Vaccinium,79
Ipomoea,76
Calamagrostis,76
Tamarix,75
Leucopogon,74
Piper,74
Nepenthes,73
Astragalus,70
Ocotea,68
Otholobium,67
Solidago,66
Elymus,65
Ficinia,65
Syzygium,64
Cordia,63
Symphyotrichum,62
Taraxacum,62
Ribes,61
Justicia,61
Deschampsia,58
Antennaria,57
Saxifraga,57
Lonchocarpus,56
Silene,55
Acer,55
Paphiopedilum,54
Juncus,54
Bulbophyllum,52
Dioscorea,51
Maianthemum,51
Cyperus,50
Papaver,49
Pleurothallis,49
Agrostis,49
UNVERIFIED:,48
Galium,47
Anemone,47
Betula,47
Persicaria,47
Austrostipa,46
Oxytropis,46
Euphorbia,46
Stellaria,45
Eugenia,45
Stanhopea,44
Eriophorum,44
Cornus,43
Oncidium,43
Zanthoxylum,43
Ranunculus,41
Prunus,41
Arnica,41
Croton,40
Cerastium,40
Halodule,40
Santiria,40
Senna,39
Minuartia,39
Machaerium,38
Coccoloba,38
Smilax,38
Lonicera,37
Micranthes,37
Asteraceae,37
Tabebuia,36
Poaceae,36
Ardisia,36
Indigofera,36
Inga,35
Eragrostis,35
Artocarpus,35
Halophila,34
Randia,34
Trichilia,34
Searsia,34
Rhododendron,34
Maxillaria,34
Asclepias,34
Cola,33
Grewia,33
Hibiscus,33
Erica,33
Stachytarpheta,32
Leucadendron,32
Campanula,32
Oryza,32
Capparis,32
Bidens,32
Passiflora,31
Cardamine,31
Alopecurus,31
Plantago,30
Sida,30
Achillea,30
Protea,30
Chenopodium,30
Rinorea,29
Albizia,29
Anthurium,29
Hieracium,29
Cirsium,29
Pueraria,29
Claytonia,29
Rhynchospora,28
Lathyrus,28
Viburnum,28
Mimosa,28
Leymus,28
Cissus,28
Barleria,27
Viola,27
Polygala,27
Helichrysum,27
Cryptocarya,27
Casearia,27
Verbena,27
Platanthera,27
Rumex,27
Epidendrum,27
Epilobium,27
Sporobolus,27
Populus,26
Vachellia,26
Hippuris,26
Astroloma,26
Packera,25
Nectandra,25
Gentianella,25
Braya,25
Impatiens,25
Pyrola,25
Distephanus,25
Cestrum,25
Stelis,25
Gasteria,25
Senegalia,25
Strychnos,25
Lupinus,24
Cupania,24
Vernonia,24
Setaria,24
Nassella,24
Aralia,24
Fragaria,24
Ruellia,23
Tetracera,23
Cecropia,23
Alnus,23
Tephroseris,23
Senecio,23
Ilex,23
Thalictrum,23
Euclea,23
Aglaia,23
Quercus,23
Heliconia,23
Celtis,23
Dracula,23
Cinnamomum,23
Phalaenopsis,23
Desmodium,22
Salvia,22
Erythroxylum,22
Dianthus,22
Anthoxanthum,22
Digitaria,22
Hedysarum,22
Chamerion,22
Scutellaria,22
Masdevallia,22
Chrysophyllum,22
Primula,22
Litsea,22
Empetrum,21
Lobelia,21
Commelina,21
Polygonum,21
Mentha,21
Ocimum,21
Fraxinus,21
Xylopia,21
Lomatium,21
Begonia,21
Osmorhiza,21
Vitex,21
Scaphosepalum,21
Veronica,20
Castilleja,20
Philodendron,20
Oenothera,20
Parnassia,20
Terminalia,20
Garcinia,20
Dieffenbachia,20
Myrtaceae,20
Lantana,20
Corybas,20
Rosa,19
Hedyotis,19
Erysimum,19
Schoenus,19
Beilschmiedia,19
Lolium,19
Hordeum,19
Chamaedorea,19
Arctagrostis,19
Acalypha,19
Gymnosporia,19
Erythrina,19
Guettarda,19
Dichanthelium,19
Glyceria,19
Lysimachia,19
Pachyphytum,19
Ixora,19
Aphelandra,19
Trema,18
Urera,18
Aristida,18
Angraecum,18
Androsace,18
Clerodendrum,18
Cleome,18
Dacryodes,18
Sonchus,18
Besleria,18
Stemmadenia,18
Sanicula,18
Annona,18
Bistorta,18
Pinguicula,18
Aristolochia,18
Mikania,18
Cattleya,17
Luehea,17
Petasites,17
Parsonsia,17
Gaultheria,17
Maytenus,17
Vicia,17
Pisonia,17
Jasminum,17
Corylus,17
Amelanchier,17
Roupala,17
Geum,17
Abutilon,17
Pavetta,17
Sterculia,17
Arachnothryx,17
Swartzia,17
Carissa,17
Sideroxylon,17
Medicago,17
Byrsonima,16
Guatteria,16
Avicennia,16
Enneapogon,16
Trisetum,16
Achyranthes,16
Melanthera,16
Sabicea,16
Tofieldia,16
Pittosporum,16
Trillium,16
Streptopus,16
Allophylus,16
Trophis,16
Salacia,16
Linnaea,16
Persea,16
Calliandra,16
Calathea,16
Lasiacis,16
Sisyrinchium,16
Pfaffia,15
Maerua,15
Heliotropium,15
Euonymus,15
Tabernaemontana,15
Nephelium,15
Melia,15
Kleinia,15
Gongora,15
Byttneria,15
Leucanthemum,15
Isolepis,15
Dalbergia,15
Costus,15
Ziziphus,15
Psidium,15
Arctous,15
Trichoscypha,15
Spiraea,15
Mitella,15
Dryas,15
Iris,15
Dupontia,15
Rubiaceae,15
Tricalysia,14
Lippia,14
Monstera,14
Davilla,14
Hamelia,14
Stuckenia,14
Parrya,14
Hydrangea,14
Elaeocarpus,14
Phytolacca,14
Brachyloma,14
Oxalis,14
Polygonatum,14
Chrysosplenium,14
Cenchrus,14
Asparagus,14
Alternanthera,14
Eucalyptus,14
Phleum,14
Manilkara,14
Eriocoma,14
Echinochloa,14
Eurybia,14
Petrea,13
Pithecellobium,13
Sambucus,13
Cassia,13
Lycaste,13
Koeleria,13
Xylosma,13
Rhodamnia,13
Lactuca,13
Mucuna,13
Pouteria,13
Anisophyllea,13
Lycopus,13
Pterocarpus,13
Dendropanax,13
Guarea,13
Kobresia,13
Rubroshorea,13
Gymnanthemum,13
Comarum,13
Danthonia,13
Sparganium,13
Polystachya,13
Cynodon,13
Eryngium,13
Phragmipedium,13
Morus,13
Forsteronia,12
Rourea,12
Montia,12
Orthilia,12
Kalmia,12
Malpighia,12
Nabalus,12
Aspalathus,12
Homalium,12
Malvaviscus,12
Varronia,12
Barbarea,12
Clinopodium,12
Agrimonia,12
Myrcia,12
Canarium,12
Desmopsis,12
Sobralia,12
Heisteria,12
Malus,12
Cassiope,12
Dubautia,12
Boechera,12
Aporosa,12
Panicum,12
Lotus,12
Tournefortia,12
Tripleurospermum,12
Phyllanthus,12
Hydrophyllum,12
Hylodesmum,12
Verbesina,12
Styphelia,12
Bursera,11
Pavonia,11
Paspalum,11
Myrsine,11
Araceae,11
Descurainia,11
Menyanthes,11
Evolvulus,11
Hippocratea,11
Endiandra,11
Mansoa,11
Lycianthes,11
Urochloa,11
Liparis,11
Dactylis,11
Hybanthus,11
Ludwigia,11
Melampodium,11
Backhousia,11
Leucospermum,11
Hulteniella,11
Entada,11
Gardenia,11
Frangula,11
Dracaena,11
Shepherdia,11
Diervilla,11
Myrica,11
Bactris,11
Planchonella,11
Thunbergia,11
Arisaema,11
Erythronium,11
Ozoroa,11
Triglochin,11
Agave,11
Arabidopsis,11
Allosidastrum,11
Fabaceae,11
Melilotus,11
Phacelia,11
Cupaniopsis,11
Apocynum,11
Pilosella,11
Zygia,11
Adenia,11
Waltheria,11
Valeriana,11
Serjania,10
Acronychia,10
Gliricidia,10
Crescentia,10
Neustanthus,10
Denhamia,10
Lockhartia,10
Phalaris,10
Phlox,10
Veratrum,10
Sesbania,10
Brachychiton,10
Dioclea,10
Conocarpus,10
Turraea,10
Cissampelos,10
Phyllodoce,10
Rauvolfia,10
Pilea,10
Commiphora,10
Zapoteca,10
Lomandra,10
Myosotis,10
Eleocharis,10
Siparuna,10
Cinna,10
Heliocarpus,10
Caesalpinia,10
Chamaecrista,10
Carludovica,10
Cyphostemma,10
Rhamnus,10
Alectryon,10
Banisteriopsis,10
Billia,10
Villadia,10
Andropogon,10
Sorocea,10
Capsella,10
Daucus,10
Dicentra,10
Ostrya,10
Lepanthes,10
Clematis,10
Memecylon,10
Restio,10
Arctostaphylos,10
Licania,10
Dombeya,10
Helianthus,10
Rivina,10
Carpinus,10
Allium,10
Citrus,9
Hyptis,9
Petiveria,9
Cordyline,9
Geocaulon,9
Elephantopus,9
Muhlenbergia,9
Cypripedium,9
Pelargonium,9
Trichophorum,9
Prunella,9
Faramea,9
Arctium,9
Scoparia,9
Talauma,9
Andromeda,9
Philadelphus,9
Baccaurea,9
Leptonychia,9
Guzmania,9
Amaranthus,9
Cayratia,9
Oxyria,9
Physaria,9
Corallorhiza,9
Neea,9
Atriplex,9
Witheringia,9
Caltha,9
Pachira,9
Arrabidaea,9
Chiococca,9
Utricularia,9
Hymenostegia,9
Mimulus,9
Cynanchum,9
Bupleurum,9
Scleria,9
Cryptotaenia,9
Chlorophytum,9
Uvularia,9
Boehmeria,9
Epipactis,9
Bauhinia,9
Gurania,9
Baccharis,9
Strombosia,9
Brassia,9
Lepidium,9
Erechtites,9
Hydrocotyle,9
Lycium,9
Daphnopsis,9
Psydrax,9
Boscia,9
Anguloa,9
Cymbidium,9
Vepris,9
Rothmannia,9
Cussonia,9
Amphilophium,8
Prosartes,8
Neomarica,8
Parthenocissus,8
Vitis,8
Muntingia,8
Stizophyllum,8
Archidendron,8
Conyza,8
Eupatorium,8
Galeopsis,8
Rondeletia,8
Anaphalis,8
Matelea,8
Shorea,8
Paullinia,8
Scaphium,8
Tiarella,8
Laportea,8
Galearia,8
Houstonia,8
Gouania,8
Carica,8
Clitoria,8
Angylocalyx,8
Olea,8
Phippsia,8
Callichlamys,8
Cliffortia,8
Alstonia,8
Drymonia,8
Cymbopogon,8
Brachylaena,8
Dianella,8
Vochysia,8
Honckenya,8
Dodonaea,8
Alangium,8
Marsdenia,8
Sapium,8
Brosimum,8
Guazuma,8
Coelogyne,8
Ulmus,8
Urtica,8
Coussarea,8
Olyra,8
Plectranthus,8
Tetramolopium,8
Tagetes,8
Sloanea,8
Tilia,8
Rudbeckia,8
Oplismenus,8
Astroloba,8
Odontadenia,8
Phragmites,8
Koanophyllon,8
Syringodium,8
Elaeagnus,8
Chloris,8
Maclura,8
Acineta,8
Symplocos,8
Aerangis,8
Xanthophyllum,8
Cicuta,8
Euthamia,8
Yucca,8
Manihot,8
Enterolobium,8
Cornutia,8
Carya,8
Centaurea,8
Petunia,8
Vangueria,8
Champereia,8
Polyscias,8
Malva,8
Dysoxylum,8
Codiaeum,8
Mertensia,8
Russelia,8
Vanilla,8
Adinandra,8
Canthium,8
Rhizophora,8
Symphoricarpos,8
Trientalis,7
Mandevilla,7
Canna,7
Avena,7
Balanites,7
Convolvulus,7
Knema,7
Gymnacranthera,7
Bourreria,7
Horsfieldia,7
Prestonia,7
Araliaceae,7
Hymenaea,7
Timonius,7
Securidaca,7
Dipteracanthus,7
Aronia,7
Craterostigma,7
Sansevieria,7
Crinum,7
Stigmaphyllon,7
Diapensia,7
Centella,7
Sindora,7
Oxyanthus,7
Habenaria,7
Exostema,7
Platystele,7
Dovyalis,7
Circaea,7
Aethionema,7
Isachne,7
Bunchosia,7
Potamogeton,7
Pleuropetalum,7
Acanthaceae,7
Broussonetia,7
Nemophila,7
Peltostigma,7
Eirmocephala,7
Cassipourea,7
Hymenandra,7
Hyparrhenia,7
Encyclia,7
Suaeda,7
Arundinella,7
Dendrochilum,7
Hopea,7
Cojoba,7
Coutarea,7
Rhipidoglossum,7
Luzula,7
Toxicodendron,7
Priva,7
Atalaya,7
Gmelina,7
Aesculus,7
Callicarpa,7
Sium,7
Penstemon,7
Schefflera,7
Pseudognaphalium,7
Vernonanthura,7
Rollinia,7
Sagina,7
Drypetes,7
Pararistolochia,7
Bromelia,7
Iresine,7
Comandra,7
Simarouba,7
Diphysa,7
Leonotis,7
Deinbollia,7
Steinchisma,7
Goodyera,7
Hiraea,7
Magnolia,7
Heteropterys,7
Pericallis,7
Gentiana,7
Krugiodendron,7
Ximenia,7
Mascagnia,7
Cicerbita,7
Fagus,7
Clethra,7
Bignonia,7
Zexmenia,7
Ceanothus,7
Piscidia,7
Rhus,7
Calyptrogyne,7
Bartsia,7
Pipturus,7
Coptis,7
Chamaedaphne,7
Aruncus,7
Fritillaria,7
Arabis,7
Thesium,7
Cosmos,7
Acanthus,6
Alliaria,6
Notelaea,6
Morella,6
Aechmea,6
Palaquium,6
Arctophila,6
Arytera,6
Fleischmannia,6
Elaeodendron,6
Parathesis,6
Harrimanella,6
Alchornea,6
Pourouma,6
Columnea,6
Phoenix,6
Beckmannia,6
Genipa,6
Matricaria,6
Cynosurus,6
Myriophyllum,6
Bertiera,6
Holcus,6
Leontopodium,6
Fuirena,6
Oryzopsis,6
Cydista,6
Hampea,6
Ochanostachys,6
Tragopogon,6
Schizachne,6
Callitriche,6
Alibertia,6
Bonellia,6
Turpinia,6
Asarum,6
Themeda,6
Plumeria,6
Drosera,6
Securigera,6
Colubrina,6
Ochna,6
Vahlodea,6
Jumellea,6
Melaleuca,6
Protium,6
Verbascum,6
Myoporum,6
Trichopilia,6
Critonia,6
Arctanthemum,6
Cytisus,6
Mouriri,6
Chimaphila,6
Microdesmis,6
Lithophragma,6
Buddleja,6
Withania,6
Linaria,6
Hamamelis,6
Mollinedia,6
Vanda,6
Hypochaeris,6
Coreopsis,6
Psiadia,6
Acrotriche,6
Erucastrum,6
Calatola,6
Swietenia,6
Bruguiera,6
Thouinia,6
Arenaria,6
Physalis,6
Xylobium,6
Brachystegia,6
Schinus,6
Sapranthus,6
Alisma,6
Buxus,6
Prasoxylon,6
Passerina,6
Datura,6
Torreyochloa,6
Oncoba,6
Millettia,6
Baphia,6
Doliocarpus,6
Ligustrum,6
Excoecaria,6
Pharus,6
Urena,6
Chytranthus,6
Juglans,6
Rhynchosia,6
Belonophora,6
Schaefferia,6
Hoffmannia,6
Uvaria,6
Mendoncia,6
Linum,6
Coursetia,6
Hedera,6
Heuchera,6
Maesobotrya,6
Xanthosoma,6
Coleus,6
Aulacocalyx,6
Malaxis,6
Restrepia,6
Glechoma,6
Anthriscus,6
Pescatoria,6
Treculia,6
Delosperma,6
Strelitzia,6
Trochocarpa,6
Cochlearia,6
Hedyosmum,6
Reynosia,6
Cnestidium,6
Aira,6
Porterandia,6
Connarus,6
Desmoncus,6
Sagittaria,6
Semialarium,6
Quadrella,6
Hernandia,6
Eriosema,6
Emilia,6
Sanguinaria,6
Tinnea,6
Agathosma,6
Coffea,6
Prosopis,5
Tapirira,5
Robinia,5
Chamaenerion,5
Schoenocaulon,5
Zieria,5
Harpullia,5
Anaxagorea,5
Piperaceae,5
Ceiba,5
Physocarpus,5
Paxistima,5
Olax,5
Stenostomum,5
Calyptranthes,5
Enkleia,5
Dendrocnide,5
Canadanthus,5
Lauraceae,5
Asystasia,5
Goniothalamus,5
Tellima,5
Homolepis,5
Coix,5
Argentina,5
Angelica,5
Maranta,5
Elatine,5
Mimusops,5
Microcos,5
Rochefortia,5
Sorbus,5
Hunteria,5
Mangifera,5
Plectritis,5
Breynia,5
Thottea,5
Wissadula,5
Berberis,5
Heracleum,5
Baltimora,5
Nuphar,5
Portulaca,5
Paphinia,5
Acrocomia,5
Guaiacum,5
Aegopodium,5
Glochidion,5
Uncaria,5
Comaclinium,5
Cuphea,5
Holodiscus,5
Elleanthus,5
Ripogonum,5
Talipariti,5
Pteleopsis,5
Ternstroemia,5
Crossopetalum,5
Melothria,5
Anethum,5
Sibbaldia,5
Delilia,5
Persoonia,5
Stephania,5
Dasiphora,5
Schoepfia,5
Ampelopsis,5
Cranichis,5
Ricinus,5
Pausinystalia,5
Styrax,5
Lomatogonium,5
Cyperoideae,5
Caryota,5
Commicarpus,5
Mammillaria,5
Armeria,5
Lindera,5
Pleiostachya,5
Solanecio,5
Dyschoriste,5
Othonna,5
Annickia,5
Drimys,5
Hesperostipa,5
Marcgravia,5
Thinopyrum,5
Aglaonema,5
Dactylorhiza,5
Adenanthera,5
Spathiphyllum,5
Loranthaceae,5
Sphaeranthus,5
Sophora,5
Ambrosia,5
Geranium,5
Pimenta,5
Leea,5
Jatropha,5
Ehretia,5
Tephrosia,5
Chomelia,5
Hymenocallis,5
Acrothamnus,5
Pentanisia,5
Fridericia,5
Abuta,5
Sonneratia,5
Rhoicissus,5
Lapsana,5
Brachyelytrum,5
Aegiceras,5
Lythrum,5
Phryma,5
Leonurus,5
Stoebe,5
Duranta,5
Hedeoma,5
Dorstenia,5
Sarracenia,5
Rhipsalis,5
Phyllostachys,5
Teucrium,5
Platymiscium,5
Renealmia,5
Mondia,5
Saurauia,5
Wikstroemia,5
Clibadium,5
Geitonoplesium,5
Palicourea,5
Ageratum,5
Hypoestes,5
Ypsilopus,5
Geonoma,5
Triplaris,5
Tridactyle,5
Rytidosperma,5
Phoradendron,5
Melicope,5
Margaritaria,5
Capsicum,5
Irvingia,5
Toxosiphon,5
Afzelia,5
Clavija,5
Conchograecum,5
Gloriosa,5
Bolusiella,5
Aspilia,5
Warneckea,5
Scutia,5
Chamissoa,4
Medeola,4
Lasianthaea,4
Celastrus,4
Dialium,4
Citharexylum,4
Scirpus,4
Acmispon,4
Liriodendron,4
Isocarpha,4
Fallopia,4
Englerophytum,4
Typha,4
Dirca,4
Anemopaegma,4
Corispermum,4
Acokanthera,4
Tarenna,4
Royena,4
Pseudelephantopus,4
Berlinia,4
Caryophyllaceae,4
Askellia,4
Bambusoideae,4
Cuervea,4
Hippobroma,4
Sasa,4
Helicteres,4
Thlaspi,4
Cochlospermum,4
Lannea,4
Cocos,4
Mirabilis,4
Euterpe,4
Tapiphyllum,4
Ruprechtia,4
Strophanthus,4
Uapaca,4
Pleiocarpa,4
Tithonia,4
Voacanga,4
Merremia,4
Erythrophleum,4
Sisymbrium,4
Tamarindus,4
Calluna,4
Tropaeolum,4
Pediomelum,4
Faurea,4
Doellingeria,4
Desbordesia,4
Silphium,4
Cyanotis,4
Rytigynia,4
Morisonia,4
Coptosperma,4
Crepis,4
Maprounea,4
Aster,4
Synsepalum,4
Syngonium,4
Arbutus,4
Podistera,4
Cichorium,4
Dillenia,4
Leichhardtia,4
Ajuga,4
Digitalis,4
Bothriochloa,4
Tinospora,4
Notopleura,4
Bosistoa,4
Moraceae,4
Origanum,4
Hyacinthaceae,4
Asplundia,4
Malachra,4
Lipotriche,4
Salicornia,4
Sauvagesia,4
Opuntia,4
Talinum,4
Gladiolus,4
Dinebra,4
Coincya,4
Cladium,4
Graphephorum,4
Cremnophila,4
Tripteris,4
Hylenaea,4
Coccocypselum,4
Dipterocarpus,4
Guioa,4
Augusta,4
Madhuca,4
Meiogyne,4
Parinari,4
Anticlea,4
Aidia,4
Gossia,4
Toxicoscordion,4
Thompsonella,4
Martynia,4
Urophyllum,4
Macadamia,4
Monsonia,4
Calophyllaceae,4
Brachiaria,4
Leucas,4
Gironniera,4
Oxygonum,4
Pseudoroegneria,4
Piptatheropsis,4
Moorochloa,4
Amphicarpaea,4
Phylica,4
Mitchella,4
Syringa,4
Vinca,4
Youngia,4
Boykinia,4
Panax,4
Chionanthus,4
Cynometra,4
Monarda,4
Arecaceae,4
Symphonia,4
Jollydora,4
Pauridiantha,4
Acosmium,4
Pleonotoma,4
Curatella,4
Canavalia,4
Euphrasia,4
Lepidaploa,4
Chelonanthus,4
Clutia,4
Schultesia,4
Isolona,4
Polemonium,4
Eriochloa,4
Pleuropogon,4
Torilis,4
Halenia,4
Arrhenatherum,4
Microchloa,4
Amerorchis,4
Stipa,4
Lintonia,4
Galearis,4
Carapa,4
Hypericum,4
Scytopetalum,4
Uvariopsis,4
Lespedeza,4
Achimenes,4
Liparia,4
Podophyllum,4
Discoglypremna,4
Symplocarpus,4
Sciadodendron,4
Argyroxiphium,4
Spermacoce,4
Stromanthe,4
Macaranga,4
Delonix,4
Myristica,4
Maesa,4
Odontonema,4
Calopogon,4
Sorindeia,4
Trichosalpinx,4
Apeiba,4
Astrocaryum,4
Scrophularia,4
Cyrtochilum,4
Goodenia,4
Hebanthe,4
Lithocarpus,4
Kunstleria,4
Xanthorrhoea,4
Zephyranthes,4
Bridelia,4
Emblica,4
Antidesma,4
Polyalthia,4
Phaeanthus,4
Friesodielsia,4
Laelia,4
Annonaceae,4
Gonystylus,4
Pentace,4
Theobroma,4
Catasetum,4
Pentagonia,4
Anisoptera,4
Diodia,4
Hakea,4
Stachys,4
Fumaria,4
Pitcairnia,4
Gamochaeta,4
Parthenium,4
Eupomatia,4
Calanthe,4
Nicotiana,4
Phyla,4
Pachypodium,4
Osteospermum,4
Thelocactus,4
Narcissus,4
Goeppertia,4
Brunfelsia,4
Bocconia,4
Plinia,4
Hibbertia,4
Alysicarpus,4
Hoya,4
Sabatia,4
Leptospermum,4
Cnidoscolus,4
Pontederia,4
Dicoma,4
Melochia,4
Polylepis,4
Aeranthes,4
Aerides,4
Ruscus,4
Durio,4
Myrospermum,4
Meliaceae,4
Bellis,4
Rhexia,4
Agropyron,4
Parishia,4
Gluta,4
Ailanthus,4
Helenium,4
Alyssum,4
Porroglossum,4
Xerospermum,4
Miltonia,4
Thymus,4
Eurycoma,4
Oxybasis,4
Carallia,4
Pellacalyx,4
Campnosperma,4
Chisocheton,4
Angostura,3
Wilhelmsia,3
Allamanda,3
Melichrus,3
Ageratina,3
Monotoca,3
Ratibida,3
Secale,3
Craterispermum,3
Lagotis,3
Hylocereus,3
Echinocactus,3
Brunia,3
Rohrbachia,3
Gynerium,3
Putterlickia,3
Litchi,3
Rhipidocladum,3
Galipea,3
Metalasia,3
Fargesia,3
Cyclospermum,3
Distichlis,3
Atractocarpus,3
Esenbeckia,3
Moehringia,3
Rutaceae,3
Calycophyllum,3
Echinacea,3
Dilodendron,3
Antirrhinum,3
Hypodiscus,3
Cryptochloa,3
Streptochaeta,3
Cnidium,3
Hasseltia,3
Carduus,3
Euryops,3
Triflorensia,3
Scolopia,3
Leplaea,3
Hylaeanthe,3
Trixis,3
Triodanis,3
Brassica,3
Ochroma,3
Gomphrena,3
Calpocalyx,3
Pandorea,3
Perezia,3
Caulophyllum,3
Anacardium,3
Virola,3
Hermannia,3
Gaudichaudia,3
Astronium,3
Corallocarpus,3
Kandelia,3
Spigelia,3
Parogonum,3
Gomphandra,3
Psilotrichum,3
Kuloa,3
Liatris,3
Berlandiera,3
Stegnosperma,3
Newtonia,3
Avenella,3
Cannabis,3
Elephantorrhiza,3
Corchorus,3
Oerstedella,3
Agonandra,3
Heliopsis,3
Nepeta,3
Castilla,3
Cedrela,3
Pachystigma,3
Podalyria,3
Caragana,3
Tribulus,3
Lumnitzera,3
Crassocephalum,3
Lophostemon,3
Dissotis,3
Oclemena,3
Koenigia,3
Owenia,3
Psiguria,3
Anthodon,3
Melodinus,3
Moneses,3
Grevillea,3
Lenwebbia,3
Gynochthodes,3
Tilesia,3
Lemna,3
Menispermum,3
Dicliptera,3
Neottia,3
Pycnanthemum,3
Orchidaceae,3
Amianthium,3
Catunaregam,3
Gaillardia,3
Eutrochium,3
Cyanthillium,3
Olearia,3
Hirtella,3
Arctopoa,3
Sclerocactus,3
Mesembryanthemum,3
Cyrilla,3
Trichocladus,3
Heterocondylus,3
Baeckea,3
Pristimera,3
Monodora,3
Gesneriaceae,3
Banksia,3
Neomirandea,3
Maripa,3
Juanulloa,3
Polysphaeria,3
Catha,3
Scrophulariaceae,3
Burkea,3
Ceratophytum,3
Cayaponia,3
Erythrococca,3
Centratherum,3
Gaylussacia,3
Freycinetia,3
Ronabea,3
Asimina,3
Cotoneaster,3
Tanacetum,3
Aureolaria,3
Chenopodiastrum,3
Thaspium,3
Coleataenia,3
Marshallia,3
Platanus,3
Polymnia,3
Rafnia,3
Ayenia,3
Schwenkia,3
Lamium,3
Collomia,3
Pityopsis,3
Wahlenbergia,3
Piptocarpha,3
Thouinidium,3
Bouchea,3
Trachyandra,3
Ursinia,3
Melastomataceae,3
Elaeagia,3
Ceriops,3
Nertera,3
Nothaphoebe,3
Macleania,3
Allenanthus,3
Tarchonanthus,3
Pycnocoma,3
Egletes,3
Fockea,3
Rorippa,3
Dolichandra,3
Heteromorpha,3
Pygmaeothamnus,3
Tetragonia,3
Triaspis,3
Adoxa,3
Olinia,3
Gronovia,3
Senega,3
Werauhia,3
Godmania,3
Tecomaria,3
Cascabela,3
Labisia,3
Bixa,3
Eria,3
Zantedeschia,3
Ryparosa,3
Alyxia,3
Elatostema,3
Teijsmanniodendron,3
Acharagma,3
Stokesia,3
Corydalis,3
Suregada,3
Chlamydocola,3
Phoebe,3
Tolmiea,3
Colocasia,3
Actinodaphne,3
Leucaena,3
Argythamnia,3
Aconitum,3
Calyptrocarya,3
Buchanania,3
Laurus,3
Cyclanthera,3
Livistona,3
Ornithidium,3
Calystegia,3
Pandanus,3
Gesneria,3
Stenocereus,3
Dichorisandra,3
Jacaratia,3
Forchhammeria,3
Chondrodendron,3
Humulus,3
Diaphananthe,3
Heritiera,3
Lindernia,3
Arnoglossum,3
Triantha,3
Simsia,3
Cryosophila,3
Lysichiton,3
Agelaea,3
Tecoma,3
Schlegelia,3
Calotropis,3
Eriocoelum,3
Crepidium,3
Camassia,3
Promenaea,3
Peltophorum,3
Popowia,3
Ayapana,3
Macroscepis,3
Cuscuta,3
Decaspermum,3
Gonolobus,3
Saururus,3
Commersonia,3
Parkia,3
Derris,3
Scaphyglottis,3
Tapeinosperma,3
Nauclea,3
Mischocarpus,3
Neurolaena,3
Calycosiphonia,3
Miltoniopsis,3
Lilium,3
Fagaceae,3
Montanoa,3
Koompassia,3
Fordia,3
Phanera,3
Dipsacus,3
Specklinia,3
Centrosema,3
Poitea,3
Oenanthe,3
Wilkiea,3
Gitara,3
Marcgraviaceae,3
Mundulea,3
Samanea,3
Crossandra,3
Saraca,3
Piptadenia,3
Stylosanthes,3
Drymocallis,3
Cynoglossum,3
Bernardia,3
Ligusticum,3
Actaea,3
Tacca,3
Neptunia,3
Lysiloma,3
Lennea,3
Pterocelastrus,3
Vatica,3
Pimelea,3
Blepharis,3
Triumfetta,3
Salsola,3
Sphaeralcea,3
Ceratophyllum,3
Cadaba,3
Brassavola,3
Erythrodes,3
Anthosachne,3
Cipura,3
Alophia,3
Curculigo,3
Macrocnemum,3
Patersonia,3
Ormosia,3
Xiphidium,3
Paradrymonia,3
Episcia,3
Xylia,3
Sudamerlycaste,3
Sedum,3
Chrysobalanus,3
Attalea,3
Coulteria,3
Pastinaca,3
Aeschynomene,3
Collinsia,3
Hubera,3
Maasia,3
Gaertnera,3
Dypsis,3
Payena,3
Adelia,3
Calla,3
Ateleia,3
Macropharynx,3
Chrysanthemum,3
Nuttallanthus,3
Chloroleucon,3
Koelreuteria,2
Cyclopia,2
Bowkeria,2
Metrosideros,2
Hypodaphnis,2
Spirostachys,2
Craibia,2
Trilepisium,2
Englerodaphne,2
Balduina,2
Leptaulus,2
Ormocarpum,2
Parmentiera,2
Tannodia,2
Fothergilla,2
Zanha,2
Artabotrys,2
Steganotaenia,2
Berchemia,2
Adenium,2
Hyphaene,2
Sericanthe,2
Freesia,2
Hilliardiella,2
Xerophyta,2
Acca,2
Pyrostria,2
Curcuma,2
Lasianthera,2
Proserpinaca,2
Fatsia,2
Monotes,2
Afrocanthium,2
Zamioculcas,2
Glossocalyx,2
Moringa,2
Giliastrum,2
Loeseneriella,2
Brackenridgea,2
Hyperacanthus,2
Suriana,2
Markhamia,2
Camellia,2
Portulacaria,2
Chaetopappa,2
Pluchea,2
Cleyera,2
Paranomus,2
Dalechampia,2
Ruspolia,2
Ammocharis,2
Keetia,2
Lijndenia,2
Scabiosa,2
Scorodophloeus,2
Raphia,2
Xylocarpus,2
Karomia,2
Dysodiopsis,2
Krigia,2
Leptactina,2
Mezoneuron,2
Sarcocornia,2
Baptisia,2
Schrebera,2
Synaptolepis,2
Bouchetia,2
Stolzia,2
Strobilanthes,2
Antigonon,2
Guibourtia,2
Xylotheca,2
Premna,2
Julbernardia,2
Rhigozum,2
Andrographis,2
Areca,2
Carpolobia,2
Brugmansia,2
Nyssa,2
Mostuea,2
Aquilegia,2
Eriocaulon,2
Amyris,2
Sageretia,2
Schotia,2
Rapanea,2
Matthaea,2
Kokoona,2
Henriettea,2
Ellipanthus,2
Dryadella,2
Drepananthus,2
Castanopsis,2
Alphonsea,2
Actephila,2
Gordonia,2
Lyonia,2
Machaonia,2
Zootrophion,2
Warczewiczella,2
Miconia,2
Guarianthe,2
Trichocentrum,2
Tolumnia,2
Thunia,2
Coryanthes,2
Gymnanthes,2
Mezzettia,2
Enteropogon,2
Megathyrsus,2
Aspasia,2
Anacheilium,2
Kanahia,2
Barbosella,2
Melinis,2
Capparidastrum,2
Peponium,2
Neraudia,2
Coelia,2
Clusia,2
Govenia,2
Cynophalla,2
Stereospermum,2
Scorodocarpus,2
Fernandezia,2
Goetzea,2
Prescottia,2
Hodgkinsonia,2
Oxandra,2
Bifrenaria,2
Flindersia,2
Mormolyca,2
Ozothamnus,2
Rhinanthus,2
Pinalia,2
Cephalaralia,2
Milium,2
Duboisia,2
Tylophora,2
Pleurostylia,2
Brachypodium,2
Geijera,2
Embelia,2
Stenocarpus,2
Oberonia,2
Graptophyllum,2
Archontophoenix,2
Austrosteenisia,2
Emmenosperma,2
Apophyllum,2
Helicia,2
Calamus,2
Leptotes,2
Schizomeria,2
Petitia,2
Pilocarpus,2
Pinochia,2
Spathoglottis,2
Rudolfiella,2
Rhyncholaelia,2
Elattostachys,2
Diploglottis,2
Triunia,2
Coelospermum,2
Tectona,2
Tetrazygia,2
Neolitsea,2
Thespesia,2
Lycomormium,2
Tristaniopsis,2
Prosthechea,2
Ansellia,2
Kalanchoe,2
Orthosiphon,2
Saponaria,2
Alphitonia,2
Mortonia,2
Simmondsia,2
Luffa,2
Momordica,2
Pyrus,2
Parkinsonia,2
Conicosia,2
Romulea,2
Khaya,2
Arundo,2
Chrysanthemoides,2
Guilleminea,2
Rapistrum,2
Nerium,2
Foeniculum,2
Callistemon,2
Saussurea,2
Lagunaria,2
Cassinia,2
Chaerophyllum,2
Quisqualis,2
Heteropyxis,2
Gnidia,2
Sclerochiton,2
Greyia,2
Dichrostachys,2
Catharanthus,2
Jacaranda,2
Teclea,2
Larrea,2
Dansiea,2
Robsonodendron,2
Asterales,2
Medicosma,2
Lithospermum,2
Bougainvillea,2
Casuarina,2
Flueggea,2
Gleditsia,2
Struthiola,2
Serruria,2
Tetraria,2
Chrysopogon,2
Fadogia,2
Gnaphalieae,2
Lopholaena,2
Mystroxylon,2
Nectaropetalum,2
Ritchiea,2
Chaenorhinum,2
Tetraneuris,2
Heterotheca,2
Anthospermum,2
Thymophylla,2
Xanthisma,2
Dactyloctenium,2
Zeltnera,2
Zinnia,2
Amphitecna,2
Gutenbergia,2
Pyrrhopappus,2
Acmadenia,2
Rotheca,2
Ruschia,2
Gomphocarpus,2
Eremogone,2
Platylophus,2
Eutrema,2
Anagallis,2
Mimetes,2
Triadica,2
Lachnaea,2
Hippia,2
Piptatherum,2
Arctotis,2
Diosma,2
Dicerothamnus,2
Campsis,2
Coleonema,2
Apocynaceae,2
Carpacoce,2
Athanasia,2
Bersama,2
Agalinis,2
Trilisa,2
Laccodiscus,2
Lipandra,2
Philotheca,2
Ornithogalum,2
Muscari,2
Philydrum,2
Lisianthius,2
Astrotricha,2
Glycyrrhiza,2
Zizia,2
Schwartzia,2
Murraya,2
Havardia,2
Adenocaulon,2
Allocasuarina,2
Niemeyera,2
Pomaderris,2
Agiortia,2
Lissanthe,2
Diastema,2
Kohleria,2
Tetrathylacium,2
Posoqueria,2
Sieruela,2
Prionostemma,2
Bossiaea,2
Marsypianthes,2
Aegiphila,2
Hyophorbe,2
Spachea,2
Pithecoctenium,2
Schizolobium,2
Jacquinia,2
Aquifoliaceae,2
Verbenaceae,2
Odontocarya,2
Strobocalyx,2
Theaceae,2
Tarlmounia,2
Pseudobombax,2
Knautia,2
Pachystachys,2
Pancratium,2
Aspidosperma,2
Nestotus,2
Grindelia,2
Sarcotoechia,2
Eschscholzia,2
Berteroa,2
Quararibea,2
Butomus,2
Bhesa,2
Macfadyena,2
Dracocephalum,2
Schoenoplectus,2
Pimelodendron,2
Scorzoneroides,2
Protomegabaria,2
Raphanus,2
Picris,2
Balakata,2
Ferocactus,2
Torenia,2
Cephalanthus,2
Echinocystis,2
Leersia,2
Tetrorchidium,2
Plukenetia,2
Garcia,2
Exomis,2
Euphorbiaceae,2
Cota,2
Pultenaea,2
Chelone,2
Sporadanthus,2
Agoseris,2
Epifagus,2
Cleomella,2
Centaurium,2
Eriophyllum,2
Tussilago,2
Mitreola,2
Calandrinia,2
Fleroya,2
Arum,2
Oeceoclades,2
Humbertacalia,2
Azadirachta,2
Babiana,2
Bouteloua,2
Helictochloa,2
Sapindus,2
Apera,2
Hardenbergia,2
Podagrostis,2
Callisia,2
Chamaerops,2
Chasmanthe,2
Pelliciera,2
Paronychia,2
Trigonia,2
Chione,2
Averrhoa,2
Hillia,2
Herrania,2
Buchnera,2
Ischaemum,2
Dicomeae,2
Adelonema,2
Guadua,2
Gaudium,2
Aeschynanthus,2
Agapanthus,2
Bacopa,2
Lepyrodia,2
Albuca,2
Triticum,2
Turnera,2
Erblichia,2
Anchomanes,2
Ancistrocladus,2
Psathyrostachys,2
Karwinskia,2
Melissa,2
Codariocalyx,2
Perilla,2
Cyclanthus,2
Greigia,2
Corymbia,2
Collinsonia,2
Malvaceae,2
Gonatopus,2
Castanea,2
Alocasia,2
Obolaria,2
Cunoniaceae,2
Xylophragma,2
Tynanthus,2
Scindapsus,2
Schismatoglottis,2
Tontelea,2
Cassytha,2
Tetrapterys,2
Unonopsis,2
Sclerolaena,2
Maireana,2
Bechium,2
Eriachne,2
Davidsonia,2
Deppea,2
Gompholobium,2
Glycine,2
Solanaceae,2
Sorbaria,2
Cloiselia,2
Xanthium,2
Struthanthus,2
Epacris,2
Echium,2
Zaleya,2
Brassicaceae,2
Massularia,2
Blumea,2
Eriobotrya,2
Hesperis,2
Adenostemma,2
Pterocymbium,2
Prestoea,2
Monotropa,2
Oubanguia,2
Calochortus,2
Parashorea,2
Anthoshorea,2
Welfia,2
Axonopus,2
Codonopsis,2
Cyrtococcum,2
Centotheca,2
Pycnarrhena,2
Harperocallis,2
Thecacoris,2
Oreopanax,2
Luisia,2
Staudtia,2
Pectiantia,2
Fissistigma,2
Cratoxylum,2
Dysphania,2
Talbotiella,2
Ptychosperma,2
Erismadelphus,2
Anthemis,2
Rhaptopetalum,2
Oplopanax,2
Placodiscus,2
Turraeanthus,2
Blitum,2
Jeffersonia,2
Lecomtedoxa,2
Diploclisia,2
Crotonogyne,2
Stipularia,2
Scaphopetalum,2
Aucuba,2
Liabum,2
Pterisanthes,2
Aporrhiza,2
Tetrastigma,2
Cyrtandra,2
Soyauxia,2
Euclinia,2
Petitiocodon,2
Pachypodanthium,2
Calypso,2
Dasylepis,2
Hypoxis,2
Phyllobotryon,2
Pascopyrum,2
Polyceratocarpus,2
Anacampseros,2
Oreocarya,2
Antiaris,2
Conioselinum,2
Heinsia,2
Nelsonia,2
Eriogonum,2
Lepisanthes,2
Otophora,2
Spergularia,2
Erythranthe,2
Cakile,2
Napoleonaea,2
Pterostyrax,2
Gratiola,2
Filago,2
Aggreflorum,2
Althaea,2
Onoseris,2
Coryphantha,2
Crotonogynopsis,2
Sinningia,2
Sidalcea,2
Octoknema,2
Hexasepalum,2
Comptonia,2
Uvariastrum,2
Psilanthus,2
Bignoniaceae,2
Brewerimitella,2
Sarcococca,2
Gilbertiodendron,2
Sabal,2
Strephonema,2
Mussaenda,2
Halerpestes,2
Ficaria,2
Astrophytum,2
Aoranthe,2
Romanzoffia,2
Ventia,2
Turritis,2
Dicoelia,2
Adlumia,2
Olsynium,2
Chelidonium,2
Leuconotis,2
Elodea,2
Archidendropsis,1
Callerya,1
Licaria,1
Melicoccus,1
Diplocyclos,1
Pseudolachnostylis,1
Centradenia,1
Paropsia,1
Primulaceae,1
Oldenlandia,1
Vriesea,1
Metopium,1
Conostegia,1
Mosiera,1
Hedycarya,1
Ononis,1
Macarthuria,1
Petrorhagia,1
Synostemon,1
Pulicaria,1
Anastrabe,1
Logania,1
Polycycnis,1
Libidibia,1
Guilfoylia,1
Paraphalaenopsis,1
Spondias,1
Sorghum,1
Palmeria,1
Laetia,1
Matayba,1
Castanospora,1
Eriosemopsis,1
Streptothamnus,1
Neolaugeria,1
Empleurum,1
Neoachmandra,1
Coatesia,1
Euroschinus,1
Nymphaea,1
Fadogiella,1
Dissiliaria,1
Cuttsia,1
Myrciaria,1
Ornithocephalus,1
Trachymene,1
Sinclairia,1
Carronia,1
Liparophyllum,1
Dracontium,1
Micrococca,1
Zygopetalum,1
Pseudolmedia,1
Pothos,1
Naucleopsis,1
Castanospermum,1
Thysanotus,1
Pabstiella,1
Systeloglossum,1
Andinia,1
Kickxia,1
Molinia,1
Praxelis,1
Tragia,1
Savia,1
Calyptronoma,1
Rossioglossum,1
Gomidesia,1
Gonocalyx,1
Robiquetia,1
Petrophile,1
Paspalidium,1
Bryobium,1
Restrepiella,1
Renanthera,1
Guapira,1
Gyminda,1
Calea,1
Phyllota,1
Anisomeles,1
Bucida,1
Stryphnodendron,1
Apoplanesia,1
Pomax,1
Viminaria,1
Exothea,1
Gaussia,1
Platylobium,1
Comocladia,1
Westringia,1
Ginoria,1
Brachtia,1
Haematoxylum,1
Coccothrinax,1
Pictetia,1
Xanthosia,1
Sarcoglyphis,1
Erythropalaceae,1
Brunellia,1
Micraira,1
Asperula,1
Mitrasacme,1
Hypelate,1
Eudicot,1
Briquetia,1
Ionactis,1
Micromyrtus,1
Helianthemum,1
Fimbristylis,1
Cyclopogon,1
Capnoides,1
Erithalis,1
Laguncularia,1
Perymenium,1
Melica,1
Spiranthes,1
Hippomane,1
Aiphanes,1
Psychopsis,1
Pseudocentrum,1
Trisetella,1
Asclepiadaceae,1
Pullenia,1
Cyclanthaceae,1
Sauroglossum,1
Bontia,1
Tripogandra,1
Taeniophyllum,1
Volkameria,1
Lythraceae,1
Bastardiopsis,1
Ochrosperma,1
Aethusa,1
Stackhousia,1
Stenotus,1
Micropholis,1
Cosmibuena,1
Caryophyllales,1
Haplocoelum,1
Curtisia,1
Polygonaceae,1
Musanga,1
Maesopsis,1
Alberta,1
Hexalobus,1
Tridens,1
Colophospermum,1
Ensete,1
Mitriostigma,1
Diplorhynchus,1
Laurophyllus,1
Ariocarpus,1
Colpoon,1
Strombosiopsis,1
Cassine,1
Pancovia,1
Hymenodictyon,1
Baikiaea,1
Scottellia,1
Sclerocroton,1
Inhambanella,1
Coddia,1
Bigelowia,1
Pseudosalacia,1
Blighia,1
Gonioma,1
Rawsonia,1
Amblygonocarpus,1
Adenopodia,1
Barteria,1
Briza,1
Freylinia,1
Clausena,1
Mischarytera,1
Stemona,1
Dactyladenia,1
Wrightia,1
Rhynchocalyx,1
Schumanniophyton,1
Uvariodendron,1
Piptostigma,1
Hymenocardia,1
Rhodognaphalon,1
Chaptalia,1
Cunonia,1
Ptychopetalum,1
Brabejum,1
Sibangea,1
Phymaspermum,1
Kigelia,1
Salicaceae,1
Cuviera,1
Dichostemma,1
Cnestis,1
Syncolostemon,1
Cordyla,1
Ekebergia,1
Dahlgrenodendron,1
Ammophila,1
Bivinia,1
Ancylobotrys,1
Glyphaea,1
Umtiza,1
Cassinopsis,1
Tiliacora,1
Kirkia,1
Androstachys,1
Apodytes,1
Crossopteryx,1
Azanza,1
Azima,1
Anthonotha,1
Lydenburgia,1
Pogonia,1
Callichilia,1
Iva,1
Fernandoa,1
Osyris,1
Thilachium,1
Toddalia,1
Chazaliella,1
Didelta,1
Pappea,1
Burttdavya,1
Stenanthium,1
Coelocaryon,1
Morelia,1
Mareyopsis,1
Lachnanthes,1
Klaineanthus,1
Sclerolepis,1
Ctenium,1
Rhamnella,1
Pseudobersama,1
Malephora,1
Xanthocercis,1
Chortolirion,1
Magnistipula,1
Monanthotaxis,1
Chrysobalanaceae,1
Entandrophragma,1
Haemanthus,1
Kraussia,1
Oncinotis,1
Mallotus,1
Gerrardina,1
Protorhus,1
Crassula,1
Seemannaralia,1
Barringtonia,1
Dais,1
Chaetachme,1
Xymalos,1
Virgilia,1
Cleistochlamys,1
Zygophyllum,1
Allocassine,1
Mascarenhasia,1
Xeroderris,1
Burchellia,1
Oricia,1
Diogoa,1
Holarrhena,1
Nuxia,1
Halleria,1
Berzelia,1
Washingtonia,1
Argyreia,1
Thamnocalamus,1
Tipuana,1
Dillwynia,1
Daviesia,1
Spathodea,1
Eleusine,1
Pyracantha,1
Conospermum,1
Plumbago,1
Paulownia,1
Weinmannia,1
Hovenia,1
Comesperma,1
Gelsemium,1
Ceratonia,1
Brahea,1
Dioscoreaceae,1
Calytrix,1
Bombax,1
Severinia,1
Rhizophoraceae,1
Violaceae,1
Toona,1
Brunoniella,1
Anthocleista,1
Obetia,1
Phaeoptilum,1
Alloplectus,1
Boronia,1
Alfaroa,1
Wodyetia,1
Pereskia,1
Hyaenanche,1
Zeuxine,1
Nephelaphyllum,1
Laxmannia,1
Hymenorchis,1
Euchlora,1
Bolusia,1
Amelichloa,1
Jacksonia,1
Homoranthus,1
Viscaria,1
Transberingia,1
Jacquemontia,1
Strophostyles,1
Meliosma,1
Eritrichium,1
Gonzalagunia,1
Jaltomata,1
Douglasia,1
Glandularia,1
Myriocarpa,1
Rehdera,1
Cleistanthus,1
Haemodorum,1
Sphaeradenia,1
Gahnia,1
Landolphia,1
Eurychorda,1
Eriostemon,1
Oxytenanthera,1
Calpurnia,1
Hippobromus,1
Tylecodon,1
Blandfordia,1
Argyrolobium,1
Leucosidea,1
Bachmannia,1
Aurinia,1
Chondropetalum,1
Vitellariopsis,1
Cotyledon,1
Nymania,1
Cucumis,1
Disphyma,1
Cavacoa,1
Glenniea,1
Stoeberia,1
Harpephyllum,1
Kiggelaria,1
Boraginaceae,1
Saxifragaceae,1
Liliaceae,1
Bobgunnia,1
Oncosiphon,1
Milicia,1
Loxostylis,1
Erianthus,1
Cladostemon,1
Brexia,1
Lasiodiscus,1
Aletris,1
Phormium,1
Thamnochortus,1
Arctotheca,1
Meiostemon,1
Annesorhiza,1
Actinidiaceae,1
Bauera,1
Gentianaceae,1
Paragonia,1
Schinziophyton,1
Lecaniodiscus,1
Lachnocaulon,1
Peddiea,1
Baloskion,1
Gloveria,1
Breonadia,1
Aphloia,1
Nyctaginaceae,1
Helinus,1
Ericaceae,1
Mackaya,1
Heeria,1
Philenoptera,1
Aotus,1
Anginon,1
Heywoodia,1
Angophora,1
Triplochiton,1
Hugonia,1
Flacourtia,1
Listera,1
Amaranthaceae,1
Hypocalyptus,1
Amaryllidaceae,1
Ricinocarpos,1
Marah,1
Sarcopetalum,1
Diplotaxis,1
Hydrocharis,1
Patis,1
Parolinia,1
Scheuchzeria,1
Bolboschoenus,1
Paracaryum,1
Benstonea,1
Hemerocallis,1
Palisota,1
Otatea,1
Adenocalymma,1
Orychophragmus,1
Orthrosanthus,1
Oroxylum,1
Orontium,1
Ornduffia,1
Norantea,1
Nesocodon,1
Neoregelia,1
Neoglaziovia,1
Nasturtium,1
Dulichium,1
Scilla,1
Peltandra,1
Kimnachia,1
Reineckea,1
Sabulina,1
Quesnelia,1
Penthorum,1
Echinops,1
Kolkwitzia,1
Taenidia,1
Alkekengi,1
Punica,1
Pseudorhipsalis,1
Phlomis,1
Omalotheca,1
Portea,1
Inula,1
Pogostemon,1
Plagius,1
Epigaea,1
Vincetoxicum,1
Ceodes,1
Pinellia,1
Microchirita,1
Marantochloa,1
Manfreda,1
Exacum,1
Hatiora,1
Harrisia,1
Gustavia,1
Microstegium,1
Globularia,1
Gastrolobium,1
Fumana,1
Fuchsia,1
Ferraria,1
Aplectrum,1
Helwingia,1
Eucrosia,1
Apiaceae,1
Eucharis,1
Chamaelirium,1
Eranthemum,1
Eomecon,1
Echinodorus,1
Echeandia,1
Drymophloeus,1
Hebenstretia,1
Hippeastrum,1
Fevillea,1
Jubaea,1
Mammea,1
Machilus,1
Ludisia,1
Limonium,1
Lamprocapnos,1
Lagenandra,1
Koehneria,1
Markea,1
Kennedia,1
Odonellia,1
Holboellia,1
Omphalea,1
Chrysojasminum,1
Phryganocydia,1
Illicium,1
Hyoscyamus,1
Hydnophytum,1
Rhabdadenia,1
Hyacinthoides,1
Holmskioldia,1
Staphylea,1
Retama,1
Rhodocoma,1
Itea,1
Uncarina,1
Osa,1
Neviusia,1
Wolffia,1
Liriope,1
Spirodela,1
Arthraxon,1
Pachysandra,1
Atropa,1
Camptotheca,1
Lipochaeta,1
Agarista,1
Ledebouria,1
Abelia,1
Trachystemon,1
Stylophorum,1
Stewartia,1
Chasmanthium,1
Danae,1
Sparrmannia,1
Vasconcellea,1
Deutzia,1
Zigadenus,1
Astilbe,1
Eleutherococcus,1
Adonis,1
Weberocereus,1
Stachyurus,1
Crocus,1
Sassafras,1
Goudaea,1
Trichoglottis,1
Disocactus,1
Veltheimia,1
Callirhoe,1
Lawsonia,1
Lepismium,1
Tetramicra,1
Hosta,1
Weigela,1
Cynorkis,1
Euscaphis,1
Platycodon,1
Neobathiea,1
Warburgia,1
Pseudofumaria,1
Rhodospatha,1
Reynoutria,1
Lavandula,1
Ampalis,1
Stenospermation,1
Acmella,1
Conoclinium,1
Polygaloides,1
Armoracia,1
Apios,1
Holosteum,1
Spathicarpa,1
Pulmonaria,1
Sparaxis,1
Seemannia,1
Saruma,1
Floerkea,1
Taraxia,1
Salpichroa,1
Sairocarpus,1
Parietaria,1
Rhopalocarpus,1
Consolida,1
Disporum,1
Aneilema,1
Eubotrys,1
Phemeranthus,1
Centranthus,1
Tristellateia,1
Trochodendron,1
Anisacanthus,1
Cynara,1
Edgeworthia,1
Aloysia,1
Tetradenia,1
Rhapidophyllum,1
Lycoris,1
Teline,1
Medinilla,1
Stylidium,1
Polypremum,1
Corylopsis,1
Strongylodon,1
Nototrichium,1
Hesperaloe,1
Satureja,1
Dischidia,1
Dietes,1
Leucojum,1
Dicranopygium,1
Orchidantha,1
Murdannia,1
Monocostus,1
Gentianopsis,1
Louteridium,1
Perideridia,1
Fittonia,1
Luetkea,1
Chorigyne,1
Alyogyne,1
Hierochloe,1
Myrrhis,1
Ulex,1
Blumeodendron,1
Hemizonella,1
Hydnocarpus,1
Laburnum,1
Lilaeopsis,1
Nothocalais,1
Neonauclea,1
Chorispora,1
Balsamorhiza,1
Doronicum,1
Procris,1
Dipteryx,1
Microseris,1
Luina,1
Lacistema,1
Yabea,1
Pombalia,1
Hura,1
Ozomelis,1
Robrichia,1
Eucephalus,1
Conium,1
Pseuderanthemum,1
Chamguava,1
Cavanillesia,1
Axyris,1
Leptarrhena,1
Amaioua,1
Alseis,1
Delphinium,1
Tapeinochilos,1
Schaueria,1
Singaporandia,1
Crocidium,1
Downingia,1
Ericameria,1
Melanochyla,1
Ipomopsis,1
Drimycarpus,1
Paranephelium,1
Purshia,1
Sapindaceae,1
Dimocarpus,1
Dictyoneura,1
Burseraceae,1
Parartocarpus,1
Pericampylus,1
Acorus,1
Prainea,1
Hosackia,1
Glehnia,1
Vitaceae,1
Ampelocissus,1
Codonoboea,1
Zingiberaceae,1
[Merremia],1
Albertisia,1
Coscinium,1
Polycnemum,1
Pyramidanthe,1
Spatholobus,1
Thermopsis,1
Oemleria,1
Piriqueta,1
Lunaria,1
Ixonanthes,1
Berula,1
Trivalvaria,1
Cyathocalyx,1
Aquilaria,1
Arcangelisia,1
Trichospermum,1
Crocosmia,1
Camelina,1
Gynotroches,1
Egeria,1
Imperata,1
Magnoliophyta,1
Onobrychis,1
Tinomiscium,1
Trollius,1
Lacmellea,1
Achlys,1
Vernoniopsis,1
Miscanthus,1
Argyranthemum,1
Argemone,1
Anigozanthos,1
Pleioblastus,1
Polypogon,1
Amydrium,1
Alluaudia,1
Adina,1
Tulipa,1
Eremopyrum,1
Syncephalum,1
Stenocline,1
Psiadiella,1
Aerva,1
Aizoon,1
Oliganthes,1
Megistostegium,1
Asphodelus,1
Lowryanthus,1
Aristea,1
Campeiostachys,1
Citrullus,1
Carlephyton,1
Dianthera,1
Davidia,1
Cylindrocline,1
Cyclamen,1
Ctenanthe,1
Citropsis,1
Chimonanthus,1
Cheirolophus,1
Chamaeranthemum,1
Canarina,1
Azorina,1
Cistanthe,1
Bulbine,1
Brownea,1
Bituminaria,1
Biophytum,1
Catabrosa,1
Billbergia,1
Billardiera,1
Beaufortia,1
Calligonum,1
Cressa,1
Lafoensia,1
Heterocodon,1
Rhaphidophora,1
Gonocaryum,1
Handroanthus,1
Stylogyne,1
Rosenbergiodendron,1
Chromolaena,1
Tetrameles,1
Perebea,1
Zehneria,1
Carum,1
Thevetia,1
Suksdorfia,1
Damburneya,1
Lewisia,1
Limnanthes,1
Monteverdia,1
Soliva,1
Lindackeria,1
Moquilea,1
Swertia,1
Elaeis,1
Tocoyena,1
Iphiona,1
Salvadora,1
Fagonia,1
Gisekia,1
Haloxylon,1
Hubertia,1
Euploca,1
Lasiurus,1
Limeum,1
Lasiosiphon,1
Gerbera,1
Carrichtera,1
Trattinnickia,1
Enchylaena,1
Eremophila,1
Dissocarpus,1
Chazaroa,1
Apodocephala,1
Lychnophora,1
Vellozia,1
Homalomena,1
Anadendrum,1
Peristeria,1
Parrotia,1
Toechima,1
Selago,1
Chelonistele,1
Portulacaceae,1
Caularthron,1
Cadetia,1
Braemia,1
Heteropogon,1
Ascochilopsis,1
Eichlerangraecum,1
Angraecopsis,1
Ancistrochilus,1
Anathallis,1
Acianthera,1
Aganisia,1
Melhania,1
Yeatesia,1
Wedelia,1
Warnockia,1
Vigethia,1
Vauquelinia,1
Thelesperma,1
Tetragonotheca,1
Linderniaceae,1
Ceropegia,1
Chondroscaphe,1
Prismatomeris,1
Maranthes,1
Coeliopsis,1
Neesia,1
Neoscortechinia,1
Oncosperma,1
Orophea,1
Osmelia,1
Cochleanthes,1
Pinanga,1
Pternandra,1
Chysis,1
Ptychopyxis,1
Sandoricum,1
Sarcotheca,1
Scleropyrum,1
Clowesia,1
Trigonostemon,1
Triomma,1
Cleistesiopsis,1
Walsura,1
Phillyrea,1
Pistacia,1
Eumorphia,1
Merciera,1
Edmondia,1
Ehrharta,1
Elegia,1
Lampranthus,1
Lidbeckia,1
Lobostemon,1
Macledium,1
Mairia,1
Mastersiella,1
Oedera,1
Dilatris,1
Oscularia,1
Chaenomeles,1
Pentameris,1
Pseudopentameris,1
Polanisia,1
Phyllosma,1
Printzia,1
Prismatocarpus,1
Pseudoselago,1
Dimorphotheca,1
Diastella,1
Erythrophysa,1
Serissa,1
Myrianthus,1
Stillingia,1
Stenaria,1
Sidneya,1
Stirtonanthus,1
Chrysocoma,1
Felicia,1
Elytropappus,1
Adenandra,1
Amphithalea,1
Cullumia,1
Anthochortus,1
Antimima,1
Schoenorchis,1
Bobartia,1
Calobota,1
Cannomois,1
Capelio,1
Chaenostoma,1
Remusatia,1
Cuitlauzina,1
Cymbidiella,1
Dichaea,1
Phaleria,1
Karrabina,1
Hedraianthera,1
Legnephora,1
Tecomanthe,1
Fontainea,1
Drymophila,1
Ceratopetalum,1
Anopterus,1
Rhodosphaera,1
Planchonia,1
Acradenia,1
Pentaceras,1
Alloxylon,1
Corynocarpus,1
Spartothamnella,1
Mackinlaya,1
Hypserpa,1
Glossocarya,1
Synoum,1
Pennantia,1
Argyrodendron,1
Myoxanthus,1
Galbulimima,1
Leionema,1
Berberidopsis,1
Octomeria,1
Abrophyllum,1
Cyclophyllum,1
Harnieria,1
Trimenia,1
Anthocarapa,1
Archirhodomyrtus,1
Cadellia,1
Santalum,1
Siphonodon,1
Orites,1
Baloghia,1
Linospadix,1
Pleioluma,1
Secamone,1
Neomoorea,1
Hovea,1
Lepiderema,1
Guilandina,1
Argophyllum,1
Listrostachys,1
Glycosmis,1
Syncarpia,1
Romnalda,1
Chaubardia,1
Trichosanthes,1
Sarcomelicope,1
Bouchardatia,1
Gastrorchis,1
Gastrochilus,1
Eulophiella,1
Quintinia,1
Pleogyne,1
Fieldia,1
Eulophia,1
Diplospora,1
Saprosma,1
Evelyna,1
Cheilosa,1
Crypteronia,1
Dinema,1
Dyera,1
Endospermum,1
Hymenosporum,1
Callicoma,1
Pilidiostigma,1
Uromyrtus,1
Kefersteinia,1
Doryphora,1
Petalostigma,1
Pararchidendron,1
Aphananthe,1
Jacquiniella,1
Auranticarpa,1
Rhagodia,1
Dinosperma,1
Einadia,1
Pleiogynium,1
Rhysotoechia,1
Deeringia,1
Exocarpos,1
Amorphospermum,1
Akania,1
Lomatia,1
Streblus,1
Phebalium,1
Everistia,1
Phymosia,1
Seriphium,1
Grosourdya,1
Sonderothamnus,1
Tisonia,1
Ouret,1
Calendula,1
Ismelia,1
Ophrestia,1
Clarkia,1
Jacobaea,1
Laccospadix,1
Matthiola,1
Pellionia,1
Pentas,1
Peperomia,1
Ravenea,1
Rhaphiolepis,1
Rhapis,1
Roystonea,1
Curio,1
Kaliphora,1
Operculina,1
Platycarya,1
Crocanthemum,1
Callianthe,1
Microlaena,1
Acourtia,1
Beaucarnea,1
Cylindropuntia,1
Cyanastrum,1
Dolichandrone,1
Chrysactinia,1
Opilia,1
Cevallia,1
Casimiroa,1
Caryopteris,1
Calyptocarpus,1
Bouvardia,1
Haworthiopsis,1
Baileya,1
Eupatorieae,1
Disperis,1
Bambusa,1
Bergbambos,1
Dendrocalamus,1
Pseudosasa,1
Aspidistra,1
Semiarundinaria,1
Gibasis,1
Claoxylon,1
Petraeovitex,1
Osmanthus,1
Cananga,1
Xerosicyos,1
Macleaya,1
Houttuynia,1
Neohenricia,1
Pieris,1
Iberis,1
Ipheion,1
Hyacinthus,1
Helleborus,1
Abrus,1
Brunnera,1
Sievekingia,1
Domingoa,1
Bessera,1
Thrixspermum,1
Mazus,1
Bellevalia,1
Grammatophyllum,1
Xanthoceras,1
Tinantia,1
Ophiopogon,1
Franklinia,1
Dahlia,1
Adromischus,1
Abroma,1
Alcea,1
Adenophora,1
Galphimia,1
Hakonechloa,1
Abelmoschus,1
Chrysogonum,1
Zenobia,1
Calycanthus,1
Wisteria,1
Amyrea,1
Disporopsis,1
Meehania,1
Nigella,1
Triteleia,1
Cotinus,1
Podranea,1
Engelmannia,1
Santolina,1
Icuria,1
Dasylirion,1
Thespesiopsis,1
Prostanthera,1
Lysidice,1
Geniostoma,1
Gymnanthera,1
Heterostemma,1
Libertia,1
Lygodesmia,1
Ochrosia,1
Nothoalsomitra,1
Lindheimera,1
Limnosciadium,1
Maurandya,1
Sersalisia,1
Adansonia,1
Boophane,1
Kosteletzkya,1
Carpobrotus,1
Ceratotheca,1
Galenia,1
Jefea,1
Harpagophytum,1
Marrubium,1
Daphnandra,1
Itoa,1
Palafoxia,1
Phyllarthron,1
Syncarpha,1
Teedia,1
Wiborgia,1
Ballota,1
Pedilanthus,1
Sinapis,1
Kummerowia,1
Liquidambar,1
Paliavana,1
Menodora,1
Nothoscordum,1
Nolina,1
Neobuxbaumia,1
Nashia,1
Myrcianthes,1
Antirhea,1
Metapanax,1
Australina,1
Mentzelia,1
Cf.,1
Hymenothrix,1
Diaperia,1
Carpodiptera,1
Fortunearia,1
Forestiera,1
Flaveria,1
Cicca,1
Micklethwaitia,1
Farfugium,1
Heterosamara,1
Acridocarpus,1
Saba,1
Flagellaria,1
Pericopsis,1
Elytraria,1
Baissea,1
Multidentia,1
Cremaspora,1
Odyendea,1
Bosqueiopsis,1
Isoberlinia,1
Dracunculus,1
Dichondra,1
Fouquieria,1
Ludia,1
Myrothamnus,1
Synadenium,1
Hymenopappus,1
Pergularia,1
Pouzolzia,1
Ptaeroxylon,1
Hunnemannia,1
Sarcostemma,1
Scadoxus,1
Stapelia,1
Sutherlandia,1
Tulbaghia,1
Alafia,1
Hesperidanthus,1
Hemiphylacus,1
Heimia,1
Empogona,1
Guihaia,1
Griffinia,1
Polyspora,1
Triainolepis,1
Dielsiothamnus,1
Psilostrophe,1
